Gene,TCGA.A1.A0SK.01A,TCGA.A1.A0SM.01A,TCGA.A1.A0SO.01A,TCGA.A2.A04P.01A,TCGA.A2.A04Q.01A,TCGA.A2.A04R.01A,TCGA.A2.A0CT.01A,TCGA.A2.A0D0.01A,TCGA.A2.A0D4.01A,TCGA.A2.A0ER.01A,TCGA.A2.A0SV.01A,TCGA.A2.A0SW.01A,TCGA.A2.A0SX.01A,TCGA.A2.A0T0.01A,TCGA.A2.A0T2.01A,TCGA.A2.A0T3.01A,TCGA.A2.A0T4.01A,TCGA.A2.A0YG.01A,TCGA.A2.A0YH.01A,TCGA.A2.A0YM.01A,TCGA.A7.A0CE.01A,TCGA.A7.A0CJ.01A,TCGA.A7.A0DA.01A,TCGA.A7.A13D.01A,TCGA.A7.A13F.01A,TCGA.A8.A06N.01A,TCGA.A8.A06O.01A,TCGA.A8.A06Q.01A,TCGA.A8.A06Z.01A,TCGA.A8.A079.01A,TCGA.A8.A07C.01A,TCGA.A8.A07O.01A,TCGA.A8.A07R.01A,TCGA.A8.A07U.01A,TCGA.A8.A07W.01A,TCGA.A8.A07Z.01A,TCGA.A8.A08G.01A,TCGA.A8.A08I.01A,TCGA.A8.A095.01A,TCGA.A8.A09C.01A,TCGA.A8.A09D.01A,TCGA.A8.A09I.01A,TCGA.A8.A09N.01A,TCGA.A8.A09Q.01A,TCGA.A8.A0A9.01A,TCGA.A8.A0AB.01A,TCGA.AN.A03Y.01A,TCGA.AN.A041.01A,TCGA.AN.A0AJ.01A,TCGA.AN.A0AR.01A,TCGA.AN.A0AS.01A,TCGA.AN.A0FF.01A,TCGA.AN.A0FJ.01A,TCGA.AN.A0FK.01A,TCGA.AN.A0FL.01A,TCGA.AN.A0FX.01A,TCGA.AN.A0FY.01A,TCGA.AN.A0XR.01A,TCGA.AN.A0XU.01A,TCGA.AN.A0XW.01A,TCGA.AO.A0J3.01A,TCGA.AO.A0J6.01A,TCGA.AO.A0J7.01A,TCGA.AO.A0JD.01A,TCGA.AO.A0JI.01A,TCGA.AO.A0JL.01A,TCGA.AO.A0JM.01A,TCGA.AO.A124.01A,TCGA.AO.A129.01A,TCGA.AO.A12B.01A,TCGA.AO.A12F.01A,TCGA.AQ.A04H.01B,TCGA.AR.A0TP.01A,TCGA.AR.A0TQ.01A,TCGA.AR.A0TS.01A,TCGA.AR.A0TT.01A,TCGA.AR.A0TV.01A,TCGA.AR.A0TY.01A,TCGA.AR.A0TZ.01A,TCGA.AR.A1AH.01A,TCGA.AR.A1AJ.01A,TCGA.AR.A1AQ.01A,TCGA.AR.A1AR.01A,TCGA.AR.A1AY.01A,TCGA.B6.A0I2.01A,TCGA.B6.A0RE.01A,TCGA.B6.A0RL.01A,TCGA.B6.A0RT.01A,TCGA.B6.A0RU.01A,TCGA.B6.A0WV.01A,TCGA.B6.A0X5.01A,TCGA.BH.A0AU.01A,TCGA.BH.A0AV.01A,TCGA.BH.A0AY.01A,TCGA.BH.A0B3.01A,TCGA.BH.A0B5.01A,TCGA.BH.A0B9.01A,TCGA.BH.A0BD.01A,TCGA.BH.A0BF.01A,TCGA.BH.A0BG.01A,TCGA.BH.A0BL.01A,TCGA.BH.A0BZ.01A,TCGA.BH.A0C0.01A,TCGA.BH.A0C3.01A,TCGA.BH.A0C7.01B,TCGA.BH.A0DD.01A,TCGA.BH.A0E0.01A,TCGA.BH.A0E6.01A,TCGA.BH.A0H0.01A,TCGA.BH.A0HU.01A,TCGA.BH.A0HW.01A,TCGA.BH.A0RX.01A,TCGA.BH.A0W3.01A,TCGA.BH.A0WA.01A,TCGA.BH.A18F.01A,TCGA.BH.A18J.01A,TCGA.BH.A18L.01A,TCGA.BH.A18V.01A,TCGA.BH.A1EW.01A,TCGA.BH.A1F0.01A,TCGA.C8.A12K.01A,TCGA.C8.A12M.01A,TCGA.C8.A12U.01A,TCGA.C8.A12V.01A,TCGA.C8.A12X.01A,TCGA.C8.A131.01A,TCGA.C8.A1HL.01A,TCGA.C8.A1HM.01A,TCGA.D8.A142.01A,TCGA.D8.A147.01A,TCGA.E2.A107.01A,TCGA.E2.A109.01A,TCGA.E2.A10C.01A,TCGA.E2.A14N.01A,TCGA.E2.A14O.01A,TCGA.E2.A14S.01A,TCGA.E2.A14W.01A,TCGA.E2.A14X.01A,TCGA.E2.A14Y.01A,TCGA.E2.A158.01A,TCGA.E2.A15A.01A,TCGA.E2.A15A.06A,TCGA.E2.A15K.06A,TCGA.E2.A15M.01A,TCGA.E2.A1B5.01A
NAT1,-6.1033,0.354,-3.4621,-3.7336,-3.8098,1.3821,2.5873,-3.9872,1.3248,-1.6487,1.3981,1.251,-3.5754,-3.4587,-4.4141,-1.4775,1.7888,2.2076,1.5349,-4.4253,-3.5156,0.1076,-3.3464,-3.8258,1.4686,-3.7098,1.0761,2.0238,2.3691,1.4447,-3.7106,-4.3372,-3.7321,-3.8759,-2.594,1.9057,-1.9751,-1.3979,2.9687,1.8587,-0.7104,1.9942,0.9907,-2.5229,2.0522,1.9981,2.6156,0.8556,-1.2298,-4.7879,-3.4801,2.1022,-4.9977,2.5621,-3.4063,-4.2074,-2.9714,0.6437,-2.9953,2.1918,-1.416,-3.0828,2.3949,1.8865,2.2671,-3.7921,0.8929,-3.6966,-3.7924,-1.1157,-4.7376,-1.5867,-5.9496,-1.5742,-3.4104,0.5753,-1.453,-2.774,1.3775,-2.2261,-3.0364,-4.1698,-3.1553,-4.4423,-4.0595,-3.0531,-2.0274,-2.9265,-3.4569,2.0391,-1.7051,-0.0506,-4.8478,1.4713,-2.9231,2.3501,-3.0938,0.3904,0.1661,-3.7094,-2.182,-0.8454,1.1646,0.4589,1.6911,2.9767,-5.5421,-2.8949,-0.4053,-0.3675,-2.8836,-2.0275,3.0966,-4.2388,0.035,1.8679,0.9989,-3.3617,0.9759,-2.996,-2.6539,-3.4559,0.3641,-1.6789,0.2753,-2.9618,-0.1971,-0.5285,-2.9927,-3.7717,3.4791,-0.5441,2.1894,-3.8995,0.5694,-0.0355,-3.1133,-4.1629,-5.4645,-4.2621,0.8558,1.1864,0.895,2.2143,-3.6414
DACH1,-2.531875,0.4995,-4.542125,-4.58625,-3.3455,0.76275,-1.111875,-5.343625,0.954875,2.89025,-2.694625,-0.174875,-3.889375,-3.89625,-3.94925,-1.75675,0.209375,2.05925,0.142,-5.46175,-4.05125,-0.887625,-5.12775,-3.458625,0.844625,1.450875,-4.7245,0.566125,1.92925,-0.527875,-4.162125,-4.427375,-4.67775,-4.4785,-1.1835,1.117375,1.330875,-3.258625,1.847375,1.48025,0.64375,0.897625,0.451,-3.527,0.83875,2.140125,1.24275,2.2455,-4.242625,-5.159375,-3.93325,1.800125,-3.001875,1.138625,-0.198125,-3.226125,0.026125,-1.263625,-4.5415,0.995375,2.29875,-6.488375,1.0635,1.16125,1.618875,-5.782375,-1.031,-5.097375,-3.91375,2.651625,-3.324625,1.8645,-4.655625,0.725,-3.838375,1.587125,1.09425,2.03525,-0.479,-0.267,-4.12125,-4.571375,-3.091375,-2.721125,-6.07925,-3.825,-0.488125,-3.650125,-1.80525,1.606,-1.8795,1.747375,-3.343375,-1.877875,-4.033875,-0.133125,-5.477125,0.8415,-1.13475,-4.098375,-2.968125,-1.829125,-0.83325,-2.346625,2.134,-1.321375,-0.80425,-2.812625,2.13925,-0.780875,1.38825,-1.4185,1.711125,-4.839,-0.088375,0.201,1.5155,-4.98225,0.161875,-2.180625,-4.573375,2.662125,2.759625,-2.964625,0.721875,-4.551875,0.885375,-0.897,-3.273375,-5.22775,0.712375,0.697375,-1.69975,-4.617875,-1.034375,0.698125,-1.303125,-3.345625,-4.117875,-5.675,0.812,0.542875,1.75075,0.000375,-4.870125
MUCL1,-0.189,-0.1745,-6.5745,-0.5485,1.5445,-0.0975,-2.4625,-6.3745,3.5385,1.219,-1.7515,3.743,-5.9165,-2.115,1.4055,2.3835,-0.019,3.292,-0.077,-5.1745,-3.533,-1.412,-2.327,-3.178,0.2455,-2.076,-0.681,2.3545,0.638,-6.28,-4.17,-2.3595,-4.5655,-6.166,0.3425,-1.6605,-2.1925,1.546,1.462,-0.886,1.0885,-2.6585,-0.207,-4.637,-5.371,1.6045,-1.791,-0.723,1.739,-3.6275,-4.539,-2.5625,-6.7475,-0.258,-2.231,-1.8245,-1.012,-2.701,-5.8345,3.6865,-4.5035,0.0915,-5.582,3.2545,0.259,2.4495,-1.211,-3.339,-1.997,-4.713,-5.5375,-4.86,-5.843,-0.831,-5.5875,1.567,-6.8995,1.617,-6.409,-1.2865,-0.2225,-0.498,-5.6055,1.171,-5.754,0.2065,-5.115,-0.2975,2.661,-3.146,-1.354,1.4505,-2.2265,-0.622,-6.0125,-0.434,-3.093,-0.726,-4.311,-5.178,-0.1655,0.1295,-1.5465,2.352,-3.2065,0.6935,3.0525,2.632,-2.2005,-0.4645,-0.1815,-2.6055,0.1075,-2.2545,1.3985,3.646,-1.323,1.0825,2.5845,0.0085,-4.1165,-0.305,0.9395,1.0155,-2.881,2.5215,2.3545,-3.376,1.923,-6.1405,0.858,1.052,2.517,-1.2445,-1.4475,-3.4445,-2.6415,1.3965,3.141,-4.106,0.965,1.3465,-3.3425,-2.75,0.676
ROPN1B,1.62625,-0.97575,5.31025,6.514,2.4545,0.6905,-1.48275,4.10425,-0.08525,-1.52775,-2.5565,-2.269,2.55475,7.446,5.4735,0.51825,0.04025,1.32425,-3.28175,6.2155,4.552,0.13025,6.429,6.55675,-1.9475,-2.16375,-1.59075,-1.5225,-1.612,1.1095,6.86325,5.30525,6.7685,0.88625,-0.06975,-0.1715,-0.72325,-0.46525,-1.07075,0.84675,-1.9385,-1.949,-0.3675,-1.5,-2.19975,-0.038,-2.346917,-2.205,0.73825,3.72775,-2.09775,-1.409,4.75075,-2.80625,6.7735,7.508,-1.647,-0.796,2.806,-1.9105,-1.07675,4.646,0.01675,0.844,-0.23175,6.1205,-3.29025,6.9105,5.689,-2.2335,5.987,-1.011,7.4935,0.034,4.49225,-1.17925,-1.0095,-0.8565,-0.86075,4.53675,3.58,2.91925,-1.70975,6.235,3.34325,6.3445,-0.66325,4.15925,6.67725,-0.206,-1.56325,1.23425,5.812,-2.341,2.483,-0.6305,4.97275,0.09025,-2.96725,6.2975,2.91325,-1.009,-2.55125,-1.08125,-0.0535,-0.631,2.1085,4.923,1.27775,-1.8545,-1.873583,5.07475,-1.91025,5.89925,1.69575,-0.98025,-1.443,2.92725,-1.90475,4.98725,5.80325,-2.0105,-1.92275,5.22075,-0.492,0.82075,-1.0515,0.03475,4.44,5.56575,-0.4665,-1.60125,-1.39925,6.5,-1.43775,0.75,-3.315,7.3105,5.7605,6.8505,-2.49625,-2.233,-3.33575,-1.38525,6.2085
AGR2,-7.264125,0.693375,-5.56425,-6.476,-3.905125,2.66925,1.074,-5.05525,1.323875,1.17025,-0.7425,0.399,-6.915625,-7.010125,-4.877625,0.012,0.47875,0.786875,0.96525,-6.317375,-4.281125,1.061625,-6.915375,-5.4105,-0.039875,1.87425,-2.913625,1.502,-0.33275,1.4385,-6.8675,-6.201625,-7.0535,-4.529125,1.42325,0.463375,-1.02225,1.01275,1.834875,0.69375,-0.304875,1.237625,0.71075,-0.452125,2.166625,0.321875,-1.346,-4.539875,1.16275,-5.076375,0.947125,1.525875,-3.249625,-1.12375,-6.69,-4.028125,-0.912625,0.790625,-5.699125,-0.632625,2.132625,-5.543875,0.908875,-0.61225,2.27275,-5.844375,1.23775,-6.63325,-5.405625,-0.268875,-5.31575,1.120875,-5.96075,-0.36125,-6.845125,-3.042625,-0.777125,0.859375,1.9885,-5.528625,-5.98675,-4.71725,-6.4485,-4.86725,-4.150875,-6.74,1.79325,-5.912625,-3.159625,0.202,1.58125,1.555125,-6.037125,-1.67075,-6.545375,1.457,-4.08325,0.4665,-1.964875,-4.527,-4.982875,0.0495,-0.123125,-1.1115,0.225,0.705,-4.742,-4.410125,1.010875,-1.3295,2.036875,-4.172125,0.921375,-6.3715,-0.522,1.136625,-0.785,-6.476875,1.199625,-6.64325,-5.029,2.2065,-4.516125,-3.763125,2.78,-1.392875,1.466625,0.925625,-5.3685,-6.373125,0.725375,0.65775,1.429625,-4.727125,1.0285,-0.744875,0.93575,-6.545625,-3.10925,-5.2395,0.51625,0.661,1.718125,1.51925,-4.606625
KLK6,1.7145,1.708167,-1.345333,3.136,-0.0895,-0.473667,-1.197167,5.272833,-0.086833,-0.546,-1.748833,-1.178667,2.2895,1.681667,3.458,0.860333,-0.6475,-0.244,-0.669333,5.135333,4.477333,-0.059,3.839833,4.968833,-0.359033,-2.122,-1.961667,-1.2255,-1.803667,-1.807433,0.339,3.133,3.887833,2.659833,-1.510167,0.125667,-1.266667,-1.5735,1.285667,-1.782,-1.957,-0.5175,-1.087167,-1.436333,-1.828,-0.0785,0.150833,-1.216,-0.485333,2.432667,-0.0765,-1.845333,-1.1195,-1.643,0.177167,4.749833,-1.0485,-0.761333,4.208667,0.552667,-1.119,5.320167,-0.4975,-0.101667,-0.240833,4.1085,-1.547833,5.484833,0.152667,-1.450333,4.885333,-0.3155,-0.587167,-0.386167,4.718333,-1.370167,-1.826667,-1.137333,-1.869667,4.72,2.362,5.151667,2.547667,5.711167,-0.849,5.7755,-1.457,4.463167,2.587,0.171167,-0.925167,-0.943333,3.4755,-1.2055,5.6995,1.0075,0.4235,0.1045,0.191833,-0.287833,4.4105,0.8925,-1.9055,-1.059833,-0.4835,-1.925833,5.534667,5.804667,-1.5775,-1.4385,-0.908333,6.5555,-1.891667,3.992167,0.5095,-0.769167,-1.152167,0.469167,0.361667,4.6425,-0.601333,-1.661,-0.996167,0.304167,-1.790667,1.451667,-0.759333,-0.909,2.541,3.8185,-0.399333,-1.131,-1.376,-1.380833,-1.274667,-1.212667,-1.965333,5.334,5.5265,5.644833,-0.369833,-0.682433,-1.726667,-1.264667,4.946167
MIA,-0.83175,-0.86575,3.81575,3.156,2.75425,0.01075,-1.5485,3.83525,-0.38575,-1.12875,-2.7735,-2.205,0.10875,-0.0665,3.5555,0.903,-0.15525,-0.0735,-1.71,3.59075,4.0825,0.169,4.08825,5.40075,-2.09375,-2.90175,-1.38,-1.97025,-2.22725,-2.03775,4.8255,1.85075,5.263,-1.14875,-2.03475,-1.1305,-2.40275,-0.83225,-0.54025,-1.60175,-2.8925,-0.81975,-1.28875,-1.93875,-1.99575,0.0695,-2.5035,-0.992,-2.61175,0.956,-2.085,-2.39675,0.56425,-2.65325,6.92925,5.68075,-1.403,-1.9295,4.79225,0.87675,-2.099,5.26625,0.0735,0.232,-0.829,6.9165,-2.95475,5.79325,4.40875,-2.0915,6.75925,-1.64375,7.30225,-1.451,5.634,-2.35075,-2.7745,-0.6795,-2.57575,6.03275,0.72175,2.5865,-0.56875,4.7375,1.027,4.731,-1.46875,0.682,6.29125,0.02825,-2.067,-0.99025,4.743,-2.2825,3.79125,0.128,4.36825,0.019,-1.7095,5.891,3.2015,-0.4995,-2.53675,-2.09675,0.34875,-2.551,-2.12775,5.26875,-1.92675,-0.99225,-2.37875,5.50825,-2.55575,5.7885,0.96625,-1.1645,-2.0955,2.82275,-0.51675,2.8495,4.593,-3.092,-1.60175,5.4465,-2.608,0.35175,-1.40725,-2.065,4.75475,4.7135,-0.42625,-1.9645,-1.488,4.6725,-1.96075,-2.13325,-2.54,5.16375,4.444,5.32,-0.499,-2.74875,-2.572,-2.478,6.163
PPP1R14C,3.413,1.0865,4.751,4.992,3.179667,-0.949667,-1.413,5.250333,-0.8865,-1.3205,-0.62,-1.916667,4.025167,1.240667,3.773333,-0.062833,-0.348667,-0.180167,-1.412333,5.805833,3.963667,0.172,3.895667,4.771833,-1.348667,-2.269833,-1.548333,-1.7425,-2.286333,-1.147,2.399833,5.4555,4.082833,3.697,-0.916667,-0.716333,-1.271,-2.041833,-0.094333,-0.775667,-1.830333,-0.720167,-0.958167,-1.967167,-1.511833,-0.398667,-1.901333,-0.5105,0.518667,3.219333,0.125333,-1.5145,4.691333,-1.823833,-0.904667,2.997833,-1.859,-1.193167,4.473333,1.000333,-1.661167,4.757167,-0.4665,-0.511,-1.8,3.939667,-0.4035,5.2955,3.7575,-1.590667,5.824167,-0.776333,2.570333,-1.119167,4.468833,-1.362667,-2.366,-1.255,-1.874667,3.452333,5.278167,3.871333,5.185,5.1205,2.826,5.686,-1.487167,4.119667,2.0285,0.026167,-1.428333,-1.057167,4.561333,-1.081167,1.924167,0.448167,4.684,-0.287333,-0.586,2.969333,3.9595,0.386333,-1.852,-2.125,-1.072667,-2.325167,4.024167,2.4545,-1.960167,-0.949833,-1.617833,4.074,-1.03,3.927833,0.3775,0.230333,-1.6915,3.531,-1.067,5.0145,4.444167,-2.760333,-1.5935,3.898333,-2.428,4.3255,-1.3475,-2.171167,3.945167,4.134833,-0.121833,-1.588333,-1.890833,4.792167,-0.827,-1.861333,-2.657167,6.218333,4.787333,-1.863,-1.117,-1.9895,-2.083333,-1.3805,1.154833
FSIP1,-3.472,-1.2525,-4.3945,-5.3935,-4.5985,3.531,0.394,-4.604,2.182,-1.641,-1.059,-0.0415,-4.0225,-4.3475,-4.514,0.7835,0.789,1.215,-0.5365,-5.3835,-2.6695,-4.108,-4.7225,-4.586,2.0405,-0.6115,-3.263,-1.06,1.325,2.282,-4.3105,-4.769,-4.7795,-4.716,2.066,1.659,0.6985,-1.595,0.7445,1.2525,1.3145,0.8895,1.6755,1.5715,-2.5515,0.3595,-1.0845,1.986,1.676,-5.1055,-5.342,2.089,-4.3005,0.4905,-5.3585,-3.2225,-3.502,2.6565,-4.51,0.5665,1.4435,-4.412,2.3805,-1.6215,3.7425,-4.243,1.8635,-3.9795,-4.089,0.6985,-4.5465,2.982,-4.7415,0.0865,-4.209,-0.785,1.6635,0.4435,2.918,-4.972,-4.871,-3.9685,-4.5565,-3.6155,-5.0625,-5.3625,0.3105,-4.024,-3.6185,1.433,-2.3375,1.758,-4.1275,-1.6675,-5.061,-0.9025,-5.5395,1.1655,-1.9825,-4.843,-4.554,-1.697,-1.3285,1.6785,2.2775,3.029,-3.5445,-4.2645,1.34,0.5045,2.4,-2.283,0.418,-5.001,-0.7405,-0.831,-0.4205,-5.0885,1.0245,-4.825,-3.403,3.334,2.2035,-3.695,-3.868,-2.9945,1.6395,0.1605,-3.5175,-4.6625,-2.6395,2.028,-2.2475,-4.0785,2.0815,-2.009,1.016,-4.831,-4.103,-5.914,1.637,2.01,1.474,-1.356,-4.6595
CEACAM6,-6.6247,6.3864,2.1235,-0.1329,-2.7836,2.6087,-0.9337,-6.6954,3.5358,2.4555,0.4812,3.4785,-1.4521,2.8421,-1.0026,0.2711,2.3039,3.3186,2.5261,-5.1562,-4.785,-4.1206,-1.0865,-0.6644,3.5139,0.6031,1.9215,-1.981,0.58,-5.4914,-4.7912,-6.0712,-2.8638,-3.5516,1.5274,0.3405,3.1868,1.3828,2.1377,1.4368,-0.4237,4.0091,3.4124,0.0832,-1.0227,-0.0704,-4.3472,3.6612,-2.3586,-3.6373,2.0929,2.1059,-7.378,4.1371,-0.8801,-3.6227,0.3885,2.0702,-2.7522,2.1311,-3.0362,0.904,4.6678,-2.6219,-2.5504,-6.199867,3.2817,-0.9235,-2.1879,-0.622,-5.5625,-3.7921,-6.1002,2.0301,-4.3175,-4.7478,-4.2373,2.2929,0.9652,-5.8074,-3.7843,-3.7086,-7.8196,-5.115978,-0.3872,-1.329,0.0272,-4.4561,-1.8444,0.3702,2.5569,-1.8275,-6.6484,-2.3442,-5.0749,-1.3805,-4.5907,-2.7429,-4.0891,-4.5788,-3.1308,-1.7474,-3.2896,0.9441,2.9381,-2.1425,-6.7129,-5.4358,2.3041,-0.4464,-2.2288,-3.0501,-0.0764,-1.6396,-1.753,1.7549,3.1619,2.8136,-1.4026,3.7538,-5.163,-3.8024,-2.4819,-3.2147,3.5066,4.2181,4.9994,1.3194,1.7127,-2.6124,3.7014,1.3092,3.4684,-5.1004,-1.3197,-3.3986,-3.5728,0.1213,0.9445,-4.602,-2.8181,-1.3897,3.6619,4.1356,-3.9376
GABRP,1.331167,-0.447667,3.260833,4.009167,3.765167,0.807167,-0.726,3.18,-0.51,-1.390333,-1.97,-2.149333,3.122,3.600833,3.704,1.637167,-0.254,0.359167,-1.310167,3.7925,0.277,-0.307,2.8345,4.207,0.342,-2.8865,-1.6491,-1.7085,-2.4465,-2.1365,3.149,2.976,3.855833,3.3275,-3.0115,-1.336167,-1.496333,-1.564167,-1.034333,-2.4065,-1.507833,-1.663667,-0.193167,-3.022167,-3.3935,0.440667,-1.327833,-0.505667,-2.8945,3.0405,-2.5255,-2.120833,2.608667,-2.6349,-0.814167,3.6005,-0.440833,-2.408,3.5385,-1.168833,-0.9615,3.7,0.675667,1.365667,-2.302,3.457667,-3.5117,3.339833,2.9055,-2.5555,3.242167,-0.1145,3.471667,-0.3785,3.0085,-2.566167,-2.2511,-0.274667,-0.455333,-2.167667,3.023833,2.956667,3.0255,3.480333,3.3025,3.218,-0.674833,3.325833,2.138833,2.697167,-2.081,-0.2865,3.337167,-2.029667,3.722833,0.3545,4.005833,0.580667,-2.116333,3.316833,2.035333,0.760833,-2.690167,0.075667,0.764333,-1.759833,2.568,3.625667,-2.495,-1.5445,-2.674667,2.435667,-3.051,3.522833,1.301833,-1.3925,-0.646333,3.167167,-1.864,3.4965,3.368333,-2.457667,-1.992,3.4945,-2.677,-1.5265,-0.239,-1.703333,2.828333,2.8485,0.476,-1.632167,-2.006,4.201,-2.7325,-1.708333,-2.5051,3.4955,3.516333,3.184667,-1.1515,-2.459333,-1.997333,-2.181167,2.785833
FAM77C,2.4375,-0.401,2.01,-3.845,-4.9,3.2115,1.8025,-3.366,2.974,2.5625,-0.57,-2.1955,-3.165,-1.6885,-0.667,3.0895,0.8375,-0.2955,3.4565,-0.9295,-1.804,2.2755,-2.9385,-1.617,2.7295,1.2875,4.5525,-0.1185,2.779,3.677,-4.491,-1.0185,-0.983,-2.701,1.995,1.364,3.2335,1.603,0.729,0.635,0.3725,-0.9145,1.422,0.9975,3.578,1.063,-1.4305,2.997,-1.347,1.9905,-1.852,2.3535,-1.3195,1.517,-4.762,-1.3385,2.989,3.2295,-2.8875,1.0455,3.6835,-3.159,2.445,-0.918,-0.0845,0.447,-1.81,-0.2745,-3.494,0.68,-0.2875,3.3,-2.7295,1.8445,-2.086,-0.141,-2.169,1.479,2.558,-3.26,-1.271,-3.8135,-5.096,-3.003,-5.2735,-0.3585,2.4765,-2.9955,-2.3575,4.3285,-5.0505,3.24,-4.844,-0.3835,-3.2005,1.323,-2.8345,2.1995,-0.503,-3.394,-0.93,0.93,1.814,2.724,1.274,3.2525,-2.1235,-2.127,1.291,3.2,2.8905,2.4245,-4.0795,-0.523,0.382,1.4715,2.4705,-3.216,2.799,-3.587,-4.5215,3.3245,0.8925,-4.6715,2.3265,-3.836,-2.3095,-0.057,-5.4285,-2.8785,-0.8015,2.3835,1.2975,0.08,3.9875,1.6355,4.392,-5.6565,-3.6135,-3.505,3.202,2.963,-0.799,-1.2325,-2.442
SCGB2A2,-6.102667,1.2995,-5.97,0.3975,-0.115833,-1.7055,-0.620667,-7.6845,-0.518667,0.466833,-0.338833,0.9135,-6.841667,-4.060333,-4.0685,-0.9795,-2.414833,0.526167,-0.013333,-7.661667,-3.073333,-2.076167,-0.897833,-7.418,0.025167,-0.983333,0.962833,1.309,-7.118833,-4.283667,-4.760667,-5.719,-1.709833,-6.297833,1.047667,-3.7765,-1.821167,0.792333,1.694833,-0.1005,-3.002833,1.541333,-0.002667,0.106667,0.686167,0.197167,1.125,-4.162,-5.385667,-7.795667,1.693667,-4.764167,-7.130333,0.7925,1.726833,-0.492833,0.7685,1.369833,-4.8525,0.764667,-0.270333,-7.0955,0.418833,0.116167,1.097167,2.644,1.582,-6.666,-5.179,-4.54,-8.117167,-4.811333,0.8885,-1.153,-6.77,-6.7455,-7.490333,-3.077667,-2.834667,-7.212667,-1.216167,-3.400833,-7.593833,-1.180333,-6.937083,0.543333,-0.962167,-3.3315,-0.8795,-2.0325,0.6325,-0.363333,-7.552833,1.016167,-4.191333,-0.934167,-7.031,1.37,-0.455333,-0.933333,-1.242167,-0.716333,1.088,-4.037667,-1.291167,0.629333,-6.361133,-1.1625,0.873,0.9935,-1.748133,-1.074833,1.587167,-4.620333,0.2725,-1.189833,-0.983833,-7.4535,-0.454333,-1.2945,-3.861167,-7.0295,-6.233667,-1.496333,0.499667,-3.6635,-0.172,-3.374167,-3.034167,-5.517833,1.408833,-3.2995,1.499833,-5.234667,0.727167,-0.587,-0.559733,0.906167,0.568167,-1.130833,-0.588667,-0.421,-1.153667,1.169833,-1.566167
KLK8,0.102333,0.289,-2.510333,0.384667,0.2025,-0.337833,-1.017333,5.046833,-0.659667,-1.216333,-3.0255,-2.550833,3.5225,5.0635,4.741667,0.725833,-0.8725,0.125667,-2.435,5.731167,5.261833,0.404167,4.514833,6.4995,-1.353667,-3.5505,-3.5505,2.677167,-3.516667,-2.458167,-0.956833,3.825,4.8255,3.204167,-2.821,-1.661833,-2.785333,-1.214167,0.336167,-2.994667,-3.452333,-1.837,-1.843,6.161,-3.1655,-0.403167,1.203333,-2.182,5.072667,-0.7915,-3.131167,-2.82,-3.734667,-3.2275,2.482667,6.0115,-1.9165,-2.528667,4.372667,-0.2275,-1.993333,3.46,-0.121833,0.802,-1.157167,6.692833,-2.594667,5.6675,-1.2025,-3.0675,1.775167,-0.9785,0.381833,-0.451667,4.993833,-2.965667,-3.4455,-0.774167,-1.985333,2.4375,3.702333,4.406833,1.606833,4.968,-2.365333,4.737,-1.381167,5.592833,3.463,0.473833,-2.4245,-0.479,4.9895,-2.646833,4.806833,0.0795,0.097,-0.147833,-2.364167,0.7735,4.476833,-1.025,-3.540667,-1.124333,0.3975,2.3745,5.562167,6.179167,-2.101833,-1.616667,-2.546167,6.494667,-2.670667,3.198,1.691167,-2.085667,-1.842667,3.612833,-0.320333,5.376667,-1.9575,-3.178167,-2.277667,0.356667,-3.0665,-1.338833,-1.013333,-2.3115,2.762167,4.322667,-0.085833,-2.509833,0.229167,-0.8605,-1.681167,-2.799667,-3.0125,6.134167,5.945167,5.618667,-1.442667,-2.994833,-3.476333,-2.335,5.467
LEMD1,4.4625,-0.443,-0.3705,2.44425,3.471,-0.3125,-0.8285,3.27575,0.0595,0.926,-1.287,-0.80275,5.10325,3.32525,0.40125,0.4635,-0.54875,0.21475,-1.21725,4.769,5.38125,0.608,4.6355,7.239,-0.40075,-1.47125,-1.4625,-0.87,-0.34975,-1.45525,0.3315,5.663,3.7175,5.63125,-1.11275,-0.7465,-1.193,-0.82225,-0.11075,-1.23775,-1.607,0.802,-0.71025,-0.871,-2.529,0.3305,0.6915,-1.4185,-0.76175,2.1275,-0.7515,-1.667,2.86625,-0.9295,3.114,7.3335,-0.45925,-0.3275,3.61,1.25325,-1.091,4.6385,0.1325,-0.2435,-0.28625,3.33775,-1.371,6.146,4.63175,-0.419,2.32725,-0.7615,4.8415,-0.82025,6.39575,-0.45075,-1.106,-0.00675,-1.40325,1.555,4.8895,4.02675,-0.72325,6.73325,2.164,6.557,-0.7525,1.5955,3.6475,-0.2155,-0.6975,-0.65075,6.706,-0.67575,4.4315,0.15475,4.57525,5.34625,-1.411,5.6665,2.5115,-0.620167,-1.10925,-0.98725,0.00125,-1.03525,2.47925,4.227,-1.5925,-0.53325,-1.2545,4.20125,-1.188,5.54025,1.29375,0.76625,-1.09025,6.157,4.014,5.52375,6.24625,-1.31225,-0.81225,1.5965,1.15775,2.0395,-0.7045,0.05725,1.924,5.491,-0.65425,-0.94575,-1.00675,4.97725,-0.84575,-1.086,-1.727,6.399,7.0195,3.15175,0.2825,0.14375,-1.33275,-0.228,4.406
RPESP,-0.963667,2.526167,-3.739167,-0.900333,1.743167,1.569167,-1.633333,3.749667,1.702167,-0.067667,-4.063167,-4.157167,-2.503667,-3.359167,-2.3955,0.079833,-1.281667,-0.070667,-2.217,-1.136667,0.487167,1.600167,-0.998167,-2.7875,-2.000167,-5.081333,-3.4275,0.256167,3.279,-2.448167,-3.018667,-0.8925,0.152167,1.9025,1.179833,-1.774167,-2.871833,4.6375,1.210167,-3.483167,-0.873167,-1.702167,-0.313167,-5.073167,1.408,-1.753667,3.914833,-2.055833,-2.357667,-1.898333,3.989833,1.541167,-1.4745,5.473,4.898333,0.876,-2.926667,-1.542,-2.551833,-0.329,-3.538833,-3.369333,3.651,-1.4245,-2.1435,0.397333,2.038333,-1.886167,-1.879333,-2.6625,-1.970167,-2.977333,0.521833,-3.403,-2.448667,-3.409833,-4.416,-2.783333,-3.566333,0.4105,-0.766833,-4.0885,3.1815,-1.592167,-3.304167,-0.885,-3.989667,-1.3555,4.952333,-0.485167,-3.2445,-1.2575,1.4295,-2.0675,2.156167,0.337,-2.214167,-1.747667,-1.952667,0.3855,1.682667,-1.1795,-1.1295,-0.8655,-1.402167,2.9605,-2.62,-1.1765,-3.454667,1.107667,-5.224,3.539167,1.162167,2.565833,0.487,4.542167,0.002,-4.146667,3.275833,0.699833,1.656833,-3.3885,-3.490333,1.1425,-0.865167,3.1265,-2.922167,1.417667,-2.1705,-0.765167,-1.1205,-3.003,-3.741667,1.633,-2.656,5.329167,-0.105167,-1.263167,-2.046167,-3.548333,-2.720167,-2.162,-3.481,-0.2585,-1.5605
PRDM13,6.005,-0.028,3.0455,-0.53,-1.567,0.214,0.08,4.3685,0.399,-0.814,0.0765,-0.249,6.702,3.1295,4.056,-0.6445,-0.313,0.386,0.1055,8.307,3.6145,0.596,3.915,2.71,-0.505,0.2535,-0.0485,0.899,-0.313,-0.576,7.4735,8.0375,7.1295,4.656,-0.477,0.0865,-0.678,1.0535,0.673,1.1145,0.369,-0.074,-0.486,-0.0915,-0.3505,-0.157,-0.994,-0.606,-0.1505,3.7725,0.791,-0.8805,6.9485,1.0695,2.1595,7.371,1.7045,0.712,2.2495,0.6995,-2.008,0.3145,0.8755,-0.1445,-5.4285,-5.8705,-0.097,5.5345,2.121,0.7905,4.565,-0.219,1.0955,3.053,6.9255,0.2995,0.189,2.956,-0.205,2.128,2.296,3.0095,2.096,6.7775,-0.038,4.0715,0.4525,7.0835,1.507,-0.0295,1.674,0.1305,6.3775,0.503,2.8575,1.0385,5.9405,-1.5755,-0.1555,6.3655,0.5655,0.1865,-0.7975,0.1135,-1.3015,-0.672,0.9045,7.5735,-0.973,-3.0125,-0.862,-0.1845,-1.176,3.663,0.545,0.6095,-0.883,4.8675,1.005,0.4805,3.0795,-0.0735,4.383,0.329,0.1435,-0.418,-0.2755,0.2865,-0.166,4.3215,-0.4945,0.074,0.6145,2.783,-0.2195,0.1935,0.4295,6.404,1.405,7.5905,-1.4025,0.654,-0.8375,1.377,2.5225
GFRA1,-4.2501,-2.7925,0.0671,-3.9183,-2.071,0.9525,1.3798,-4.5121,-0.2578,0.6352,0.1685,0.3875,-4.1182,-4.6202,-4.4499,0.7057,2.1699,1.9299,1.8781,-4.2226,-3.3888,2.0888,-4.6572,-4.627,2.0715,1.1123,2.7996,-0.0279,-1.9281,3.6297,-0.7648,-4.2895,-2.3195,-3.4307,1.0059,0.6461,0.3818,1.5386,0.9722,3.2972,1.7931,-0.6009,3.3035,2.2197,2.3159,-0.8901,0.9769,-2.8018,1.5037,-2.8605,0.2259,2.6402,-4.4384,-3.6444,-4.6664,-2.6647,1.0682,2.3026,-4.8816,-1.7909,2.0134,-5.2943,2.557,1.5846,2.3219,-3.5368,2.6287,-5.0722,-3.8257,-3.0526,-0.7493,0.7692,-3.375,2.4608,-3.3127,-2.4787,2.2158,-4.0157,3.0856,-5.1936,-3.3393,-3.7845,-4.2394,-3.9092,-4.2942,-5.1009,1.7226,-3.5121,-2.8187,2.3014,2.4817,-3.9979,-3.4321,2.2945,-4.3276,0.8188,-2.7382,2.873,-0.9271,-3.1292,-2.6835,1.5326,2.0003,-3.0119,1.0483,1.7321,-3.8679,-3.687,-3.4064,2.0723,1.7956,-2.4812,1.7831,-4.5882,0.8636,2.9995,-0.3304,-4.2207,1.1125,-2.9492,-4.3177,2.5806,0.508,-4.4597,1.7421,-3.5778,-4.6021,1.7102,-4.5483,-4.1071,2.3779,1.8573,0.3828,-3.1741,2.1453,1.0428,-0.0185,-4.7657,-3.9664,-4.2883,-2.4047,-1.5281,1.2104,2.0118,-3.6831
ART3,7.485333,0.0395,2.703,5.726333,3.829833,-0.6822,-0.788333,3.2245,0.508833,-1.007,-0.226667,2.9155,7.433667,4.618,2.1095,-0.629667,0.473333,-0.467167,-0.3045,7.858333,5.994167,-0.196,5.467667,5.591167,-1.103833,-1.302833,-1.092667,0.7125,-0.82,-1.380667,4.25,8.125167,3.9355,3.874333,-1.365167,-0.675167,0.4095,0.076833,-0.6255,-0.4986,-0.860667,-0.4175,-0.8135,-0.1926,-0.050167,-0.174167,-1.106,-0.201667,-0.333667,2.185667,-0.382167,-1.875,2.678,0.061333,3.054167,4.010167,-0.660833,-0.7635,3.844667,1.527,-0.0295,4.093333,-0.606833,-1.196167,-0.2994,7.162833,0.938,6.7265,5.136833,0.0985,-0.352833,-0.533,0.977167,-0.089667,7.303167,0.523167,-0.810167,-0.752333,-0.799333,0.9565,6.529667,4.525333,0.98,4.647,5.4245,3.812833,-1.006833,6.65,2.879667,-0.728167,0.238167,0.2978,-0.102667,-0.1156,2.286,0.045167,4.577333,-0.439833,0.163833,7.2405,5.372667,-0.345833,-0.219333,-0.028333,-0.399667,1.349,2.807167,1.2365,-0.410667,-0.570333,-1.2052,3.0905,-0.955833,6.478833,-0.209,2.544833,-1.220667,4.498333,0.063333,7.885667,7.658333,-0.578833,-0.4085,2.740333,-1.5962,2.8285,-0.910833,0.635667,1.040833,6.03,-0.3325,-0.286833,-0.1455,4.475333,-0.268667,-0.306333,-0.545,7.415667,3.842167,8.211333,-0.588167,0.884833,-0.687333,0.861833,3.374833
SYT13,3.12075,2.619,2.4545,-0.28025,-5.3045,5.21825,-2.2495,-2.9175,-0.69275,4.3675,2.701,-5.94525,1.181,-2.91775,0.35725,-3.69975,3.05425,0.2805,1.8135,-5.22475,0.676,4.966,0.4615,1.24125,4.64975,4.51425,-6.47275,-0.1925,4.48225,-4.902,-5.172,-5.3855,1.09475,-4.9115,-6.35825,3.056,4.37175,2.67375,3.21925,-1.11525,1.25525,0.72025,-0.547,-6.66325,3.173,-4.10325,-0.67375,-4.896,-5.458,1.32375,0.9175,-2.01825,-6.24225,-0.03075,-1.55075,1.49325,5.0575,-0.5155,1.85725,3.59025,4.7655,-4.7375,-0.82375,0.1325,1.08725,0.26175,-2.85725,1.1615,-0.10225,4.15175,-4.79275,2.721,2.34275,-2.6815,0.4385,-1.7435,4.528,-5.7035,1.18575,1.40425,-3.021,-0.6795,-4.2295,-0.129,-5.1815,-1.2715,2.802,-1.292,-2.456,-1.9425,-4.56,0.335,1.62425,-0.02425,-3.48475,1.478,1.81375,0.732,2.51825,-2.95175,1.9655,1.12925,-5.5495,-1.95325,-3.2865,-1.574,-1.7875,0.89325,-4.77925,2.87975,-0.47175,-1.133,4.92825,2.16525,-0.434,2.33325,4.41775,-0.952,0.37125,-1.38125,2.60475,-4.62175,-4.02475,2.28325,-5.0235,0.238,1.4975,-0.106,-4.19675,2.0465,5.18625,-0.2545,-4.91575,-4.152,-4.4575,4.554,2.30175,-5.06025,-4.289,-2.6225,-4.95625,-4.2935,-6.019,1.0085,-2.80925
CST9L,-0.90325,-1.32325,-1.2485,-1.31875,-1.23525,5.2185,0.301,-0.6485,5.86225,5.87275,-0.5965,0.718,-1.718583,-0.7415,-1.048,4.24825,5.91725,-1.15425,3.068,-0.931,-0.61375,-0.16625,-1.01425,-1.795,2.78825,6.908,3.664,-0.20125,1.017,6.1135,-0.95625,-0.4755,-0.5165,-0.55525,3.49975,6.764,5.66825,5.3345,0.04475,2.32525,0.0285,1.52475,-0.74125,1.58425,2.1295,-0.1885,1.381,1.899,0.28425,-0.7935,-0.807,6.43725,-1.216,-0.60325,-0.73975,-1.1395,5.669,-0.7015,-1.105,1.29475,2.35375,-1.95525,3.993,-0.06275,3.214,-1.71625,-0.82675,-0.13175,-0.83425,3.241,-1.81025,0.64875,-1.30575,6.13375,-1.33325,-0.85325,0.695,-1.7125,-0.66275,-0.8545,-0.6245,-0.89825,-1.775917,-1.4475,-1.0955,-1.113917,2.37175,-1.2605,-0.478,6.117,0.746,4.95825,-0.65725,-1.326917,-1.92525,0.345,-0.68425,0.54725,-1.2435,-1.96125,-1.48675,0.0805,-1.5445,-1.30725,-0.1735,5.854,-1.462,-1.249583,6.33025,0.88775,6.234,-1.34675,-0.1795,-0.835917,-0.82975,-0.3215,-0.67875,-0.87325,3.03025,-1.51075,-0.836,5.81675,-0.80125,-1.63875,6.038,-1.54175,0.08825,1.96125,-0.95875,-0.853,2.232,0.45725,-0.867,-1.408,6.17675,1.0595,2.54375,-1.4045,-1.08925,-1.29875,2.97375,1.70975,0.72075,0,-0.81925
KCNJ3,-1.07525,-1.14675,-1.5515,-1.9135,-1.1155,6.7205,4.90125,-1.2645,5.85375,4.1505,-0.91725,4.091,-1.447,-1.01325,-0.61375,3.99675,0.561,5.843,4.46225,-0.7265,-1.142,-0.802,-1.76475,-2.12175,4.816,5.67775,-1.82775,-0.89975,5.7625,5.79475,-0.95375,-1.39975,-1.97275,-0.83075,4.9485,5.05375,3.39525,0.28175,4.873,-1.1735,2.089,-1.261,-1.38125,3.915,0.449,-1.25425,-1.880167,5.24775,-2.03675,-1.5145,-1.76825,5.429,-0.64775,4.27875,-0.8025,-1.818,1.692,5.55325,-1.0085,0.41075,4.6365,-1.33575,4.8275,-0.46725,4.98975,-1.264833,-1.859,-0.91275,-0.9275,5.85325,0.018,5.508,-1.61225,4.94225,-1.15875,2.36825,4.84725,5.4425,-0.58475,-1.47775,-2.21875,-1.84375,-1.52225,-1.8445,-1.533,-1.242,-0.36625,-1.4345,-0.42525,3.37025,4.06825,-0.77475,-2.10375,-1.71075,-1.56525,3.13375,-1.28675,-1.209,-0.990167,-2.46825,-1.61175,-1.3175,-0.875,-1.2145,5.35075,5.1415,-1.30425,-0.8555,5.323,4.46175,6.1285,-0.24125,3.622,-1.52925,-1.2445,2.311,5.30475,-2.30275,-1.34575,-1.29175,-1.322,6.16625,5.61075,-1.920167,-1.247,2.29925,5.27225,3.57075,-1.24925,-2.0865,5.77075,4.211,4.18375,-0.56675,3.4725,4.52125,-2.23175,-1.7175,-1.73825,-2.29875,4.45025,4.2565,5.22575,-0.52075,-1.52425
PDZK1,-2.36025,0.815,-3.2235,-1.755,-2.4105,5.4885,-2.2495,-2.71475,0.89375,6.44975,1.1985,0.583,-2.76575,-2.56625,-1.92975,4.03475,1.4155,-2.1615,0.78825,0.4625,-1.23925,5,-2.0175,-3.64125,5.59775,-0.0475,-1.49975,-2.179,-2.45,-0.42325,-2.79525,-2.18,-1.94725,-2.539,-1.73175,5.1355,2.929,4.80725,1.6705,-2.899,-1.3105,-0.959,-1.18675,-2.46675,2.7755,3.73225,-2.51625,1.198,1.71925,-2.3715,-2.56975,4.13175,0.1515,-0.73675,-3.2995,-0.00925,2.872,3.01425,-2.121,0.5715,0.25225,-2.591,3.901,3.51275,-0.03975,-1.34925,-1.0795,0.893,0.415,7.25175,-2.25025,-1.9355,-1.5125,2.0535,-0.62625,-0.97325,-1.0985,-0.407,3.61375,-3.16675,-2.695,-0.91125,-2.77,-2.0445,-1.9835,-3.037,1.491,-1.9865,-1.3115,4.4415,0.4565,4.8455,0.36025,-0.014,-1.3235,2.159,-2.40475,3.4465,-1.49225,-2.5695,-1.88825,-0.5045,0.96925,3.33,3.1885,3.505,1.59125,-1.6295,-2.69475,1.5775,2.45775,-1.0705,2.456,-1.59975,0.09125,0.34125,-2.9295,-2.412,5.5655,-2.10725,-2.72425,-0.12975,1.50825,-2.5965,6.4685,-1.64325,3.8855,0.62675,-1.501,-1.329,-1.027,-2.3845,1.0195,-3.072,2.4665,1.02525,-1.7425,-1.7955,-2.24375,-2.15725,1.6725,-0.50825,2.19025,0.28025,-0.57825
SLPI,-1.4694,-0.7273,-0.1121,4.5923,4.7004,-0.4259,-2.8491,1.5077,-0.1941,-2.7245,-1.0705,-0.7308,3.1743,5.5096,5.6285,3.9266,-0.8503,2.701,-2.8074,1.9589,4.4161,-0.9126,-0.4174,4.0156,-2.7057,-3.7241,-2.8133,-1.4696,-1.4154,-1.9271,-3.3882,2.7334,-0.2651,1.5884,-3.6674,-0.0534,-1.168,-1.8749,2.3141,-1.745,-3.1408,0.2315,-1.5324,-3.4635,0.0174,-1.2824,-1.8994,-2.435,-1.3212,-0.7385,1.3338,-1.4705,-2.0691,-0.0746,6.2493,1.7334,-1.7167,1.6839,4.3855,-0.8354,-2.921,4.4929,-0.7231,-0.2383,-2.5337,1.4644,-1.0412,2.7033,0.5061,-0.2923,-1.2036,-1.4362,0.3275,-1.6398,2.3635,-1.5439,-3.9249,-2.0147,-3.8227,2.0797,3.8141,3.3559,-0.6166,0.535,4.8078,1.0922,-2.5403,1.4063,1.9146,-1.3257,-3.527,-1.5841,-0.8241,-2.8369,0.4578,-0.1394,2.4402,-2.1228,-0.2264,1.6334,1.6601,1.0485,-1.1213,0.6786,1.1735,-1.4497,2.5955,-0.4556,-3.4266,-0.9515,-2.624,2.0267,-0.0432,2.8887,-0.5801,1.499,-1.6711,4.5767,1.0884,3.6308,1.1784,-3.7756,-1.3777,0.7646,-1.6013,3.1316,1.697,-0.5094,1.086,1.0026,-1.0015,-3.1704,1.4601,0.6714,-2.5765,-2.6422,-2.0378,4.3491,3.9375,-0.5271,-1.876,-3.8644,-1.5169,1.1922,2.0538
KRT23,-1.97425,-1.087,-3.3545,3.468,2.04675,-2.33575,-3.52775,0.15425,-3.02425,0.1475,0.779,-2.35125,2.79625,2.4535,3.7095,-0.74275,-1.5775,-2.58475,-1.123,2.731,-0.4915,-2.49225,3.26075,3.72,-1.72775,-0.72475,1.2115,1.34875,-0.527,-3.496,2.128,-0.07475,3.47325,0.21525,-0.01625,-1.8245,-1.09225,-1.7325,-1.6725,-1.346,-2.26725,-1.52775,1.8765,-4.6405,0.04825,0.84,-3.33425,-3.736,0.6915,-0.8605,2.28375,0.92075,1.717,2.31775,3.58225,3.67775,1.37175,0.12025,1.2215,-1.85525,-4.81875,4.35975,-2.451,0.06275,-3.45125,4.04975,-3.84425,3.08225,1.628,0.4145,2.13975,-3.76625,3.75375,-2.44675,4.53,-5.291,-4.32025,-4.1565,-3.94375,-2.77,-0.391,0.93425,0.81525,2.8735,-2.58525,4.5885,-2.76025,1.6385,2.67875,-0.19975,-2.99825,0.23775,2.9075,-1.489,2.7035,-1.6015,-1.2945,1.5525,0.56775,4.07325,1.87725,-3.62325,0.0855,-5.03075,-0.2945,-0.57225,3.09425,2.4855,2.65775,0.40525,1.572,4.49525,0.5865,3.89075,-0.097,-1.6305,-1.996,3.97075,2.89,4.25225,1.14625,-5.2855,-5.32075,-0.3905,-1.519,2.35125,-5.12425,0.4575,4.69925,3.7215,-1.504,-4.76025,-2.99025,0.94525,0.6635,-2.93075,2.431,4.129,0.9795,2.5435,-1.92275,-4.39775,-3.449,-1.6295,2.56125
NPY1R,-2.929833,-3.869667,-2.998333,0.804,-3.037333,7.1005,-1.9465,-4.286833,1.842333,2.378167,-4.551167,-2.8855,-1.467833,1.2825,-0.329333,0.542667,1.5555,-3.104,-1.648333,-0.486833,-1.591833,3.395,-2.8865,-1.196667,1.347167,1.006,-0.025,-0.9795,-4.497,2.302833,1.8575,1.346667,-3.116833,-2.963833,-5.220833,5.768667,-0.396167,-0.213667,1.372,1.449667,0.633167,-2.855,0.0745,-3.949667,-1.954333,0.765667,-2.090833,-0.777667,3.548,-5.335333,-5.518333,6.1075,0.820667,6.411333,2.535333,0.454333,-3.184333,2.333833,0.701667,0.718,3.612667,2.6585,1.314333,-2.215,1.370833,2.483833,-1.621667,1.000167,-1.857,3.851,1.7695,-4.087167,1.862667,-3.052,0.065667,-4.451667,2.82,-4.866,1.663333,-1.458333,-3.145833,-4.425333,-3.636333,-0.662833,-0.7145,-2.225667,-2.929,-2.721667,-1.418167,2.8835,-5.318833,4.597333,-4.927,1.512333,0.069167,1.635833,-1.694667,4.476,-4.580167,-0.346167,-0.391833,-1.561,-5.002833,0.667333,0.490667,5.251333,-4.7615,4.2225,-1.966333,-0.945,5.885,0.225833,2.897167,0.196667,-0.285667,-5.02,-1.093,-3.3635,-0.465,-1.750333,-3.022,-3.686,-2.021667,-1.966,-3.628833,-6.616,-2.4715,3.085333,-2.842167,0.630333,-2.8295,1.691667,-0.317833,0.216667,3.2405,2.259167,1.533833,1.811833,1.238167,2.600167,2.616833,2.137167,6.651667,-1.2905,-4.497167
MMP12,5.806167,-0.444667,2.736833,0.421667,3.7,-0.1755,-2.207167,4.538167,-1.677833,-0.887667,3.860833,1.952333,2.525167,5.355167,-0.611333,0.121833,0.401,-1.7685,1.726833,6.115667,1.839,3.012833,-1.7265,0.380667,3.7565,-2.546833,1.079,-1.87,2.7875,-0.3535,0.369167,5.6735,2.742167,2.291167,-0.237167,1.475667,-1.215167,7.006,0.422333,0.3615,3.189167,2.587833,-1.399167,2.723,-1.431833,0.259,-2.746333,-2.0575,4.726333,5.240167,3.875333,-1.983167,2.086667,-2.651167,-0.388167,2.431,0.886667,1.707167,5.852167,-0.149,0.513167,5.157667,1.045167,-0.2165,-2.162833,-1.921533,-0.576167,1.944333,2.7105,-2.111167,0.578833,-1.257167,1.3815,0.587,2.911167,-0.138,0.530167,-2.1635,2.905,-1.597,5.010167,4.2995,2.74,6.199333,4.007333,4.5655,-1.136333,0.647833,-1.283667,-0.572167,-1.2595,1.250667,2.368167,1.697167,3.734,2.967,0.633667,1.584167,0.778333,1.384167,6.079,-0.1715,1.798333,-1.471,-0.436167,3.699667,1.982,0.336,-2.958333,0.651167,5.769333,2.479167,-3.588,4.446167,2.0835,-1.895167,-1.677833,4.558,-0.1585,3.207333,6.155,-1.458667,-0.808667,4.894,-2.362333,2.180667,-2.720167,1.028,3.819667,2.450333,-1.632833,-1.307,-0.004833,1.6675,0.288333,-1.5975,-2.549833,1.340333,3.588833,1.367,0.2725,-1.792833,-2.899167,-0.268,1.0895
SLITRK6,-0.351,1.24875,-6.0375,-1.2725,-2.17025,-2.6005,-3.30375,-3.13275,-3.9605,-2.151,1.25225,-0.35775,0.55875,2.3875,-1.58775,0.25625,0.86025,-1.024,-2.74825,-2.95,-2.965,2.54375,-1.809,1.04475,0.99325,-6.22975,2.59,0.33425,-2.314,1.6955,-1.3855,-5.07,-1.81075,-5.15775,3.55825,-0.01025,-4.35,1.6785,3.1085,2.605,-3.963,-4.56425,-2.29425,-1.25025,2.41625,1.6385,1.89425,-6.262,0.61575,0.315,1.397,1.13175,-1.487,2.963,3.14125,-1.185,1.1915,0.3305,0.31125,1.91625,-2.22575,-3.013,2.497,1.1275,-3.886,4.36725,1.2485,-2.06675,-0.5295,1.85875,-1.73425,-3.09425,0.479,-5.524,-5.44675,-4.36675,1.234,-5.19925,-1.43575,-0.02575,-5.26075,-0.642,-8.135,-0.97975,-7.14,-0.555,0.75125,-4.41675,-1.5765,-0.92375,1.33825,2.40525,-0.7785,-1.3865,0.18425,2.82125,-0.85,0.034,1.011,-0.2985,0.134,-4.37125,2.71925,-2.33575,-3.683,2.516,-2.151,-0.8505,-6.65225,0.98025,-4.8015,1.12825,-5.201,-1.504,-0.94375,3.52125,-1.16225,-5.80925,1.16275,-1.1775,-2.09225,-6.0105,-6.07225,-2.58575,-9.06475,1.9035,-2.25975,1.7155,1.796,-0.476,-2.705,-1.2695,-1.77825,-0.0355,-2.596,1.06025,3.5515,0.0195,-1.7475,-2.59425,1.63225,2.97775,-0.64425,-2.34175,-4.025
DSG3,-1.85675,0.06075,-1.41425,-1.61575,1.29975,0.64275,0.37725,-3.58875,-0.84725,-0.90725,-2.60025,-2.23475,3.52075,6.08925,-0.48575,0.94975,0.94125,0.45625,-1.50575,6.28675,-0.13675,1.05975,-0.63075,2.29225,-0.05625,-2.09975,-3.59975,-1.91125,-2.55625,-0.85625,-1.98225,5.24725,2.36775,-1.58325,-3.32775,-0.54525,-1.68925,-1.64275,0.60375,-1.56925,-3.63775,-0.18975,-1.39575,-3.17175,-1.99925,-0.53175,-1.57025,-1.13275,-3.52675,-0.79825,-1.89625,-1.92575,5.03425,-1.55225,-3.35025,4.96075,-2.24975,-2.45975,5.11725,2.03875,-2.51275,4.83825,-0.03475,1.08675,-0.22425,0.97525,-0.83425,4.83075,1.76275,-2.37675,-0.20825,0.11625,-2.07925,-1.65575,5.14825,-2.06975,-3.19275,-0.40875,-0.99275,-1.78975,3.24575,-0.49775,-0.96675,5.99325,2.52025,5.42325,-0.82225,4.02225,2.49425,0.64225,-1.96975,-0.38825,0.66775,-3.28325,4.22275,1.21875,-1.27875,1.17425,0.58075,5.03175,1.83175,1.70425,-1.69125,-2.07175,0.77075,-3.10175,-1.82575,1.62675,-2.77525,-1.60025,0.41325,-1.04125,-3.03875,5.86875,0.15975,0.15875,-2.30225,5.05675,-2.52075,2.05725,-0.54975,-1.45325,-1.80425,0.14225,-2.61325,-1.97325,-2.02925,-2.66625,1.04975,3.93175,1.08575,-1.67525,-1.74875,-0.62775,-3.00375,-0.83625,-2.74825,5.19825,5.95325,1.95525,-0.86625,-1.84675,-3.52725,-1.78775,5.12725
MUC15,-1.4695,-0.794667,-0.657833,3.522,-0.6995,3.4085,-0.938333,3.629833,-0.351633,-1.042,3.804667,2.962333,4.436833,1.055333,6.6865,-2.022167,-1.252667,-1.637333,2.3815,3.876667,3.724833,-0.233,0.432333,2.9075,-1.625,-2.429167,-1.336633,3.6965,3.926833,-1.807167,0.656,-0.138167,5.489,5.151833,-2.303833,-1.119167,-0.655,1.09,-1.821,-1.926833,-0.384833,1.713833,-1.2165,-1.174833,-1.706333,-0.535667,-2.709,4.0645,2.252833,4.788,-1.466167,-2.201167,-0.653833,-0.610333,2.346167,1.3855,-1.725667,3.2245,-0.519,1.133333,6.235,1.726167,-1.260833,4.791667,-0.370833,6.913333,2.663833,4.112167,4.1495,-1.152833,3.308667,-0.660667,-1.174333,-0.9755,3.972,-1.6125,-1.854333,0.731333,-1.913,-1.221167,2.413833,2.251667,3.775833,0.713167,4.2865,4.351833,-0.879167,2.674667,2.799333,-0.385833,-0.882667,-1.453833,2.1475,3.729167,-0.1055,-0.4975,4.075,-0.937333,-2.724233,-0.658667,4.0845,-2.327083,-1.635433,-1.551,-0.576,-2.075333,7.901,-0.556167,-1.830833,4.393667,-2.148833,5.516833,-1.920167,2.590333,0.6025,-1.610667,-2.384667,0.325333,-1.870833,3.746,0.145,-1.4575,2.59,0.593,-2.577833,0.557,1.304333,1.5695,4.351333,4.866333,2.474833,-0.539333,4.699167,1.0995,-2.342,-1.320833,-2.826667,4.670167,2.462,4.278667,2.611167,2.790667,0.6875,-0.678167,2.8275
PROM1,1.076,-1.333333,0.038333,3.748,2.620167,-1.430167,-3.128167,4.1385,-1.867333,-2.196167,3.965167,-3.692667,5.083333,2.322667,5.013833,-0.2475,-0.096167,-1.116,-2.0875,5.048,2.7235,-1.981167,4.311,3.662167,-1.859333,-3.8855,-3.942833,0.3355,-2.853333,-3.9185,1.821167,3.253667,4.148,2.5315,-4.113333,-3.274333,-2.540667,-2.057167,2.206,-2.222333,-2.461667,-2.585,2.056333,-3.9075,-2.605333,-1.3785,-1.918167,-2.8015,-2.112167,0.508,2.421333,-2.256833,4.186333,-3.8658,3.7135,3.781833,1.767667,-3.303833,3.370167,-3.108667,-2.942167,3.611,-1.345833,1.1235,-3.222167,1.6365,-5.120167,3.873333,3.300333,-4.3885,2.210167,-2.115167,4.164,-1.918833,4.863,-0.706833,-4.434167,-1.875,-2.692667,3.1395,3.124,3.419333,1.744667,3.338,-0.059333,3.821333,-2.211667,3.640833,2.3085,-1.071333,-3.322667,-1.832,4.425167,-0.002333,3.6245,2.142167,4.9205,-1.455167,2.497833,3.424667,3.797333,-2.498667,2.705333,-2.404667,-1.687667,-4.056,1.445333,3.754,-3.400833,2.723,-4.2465,3.0395,-3.676333,4.334833,0.301833,0.381833,-2.773833,4.460333,2.705667,2.753833,4.694833,-3.739833,-3.747833,3.023667,-3.431833,4.442667,-3.108833,-3.829,3.932667,4.385833,4.179333,-3.389833,-3.64,5.172833,-2.7715,-3.711,2.2455,4.767,0.863,3.739167,-3.063,-3.371167,-3.8215,-3.033,0.540833
FABP7,0.284,-0.766125,2.5785,3.95075,7.788625,-0.3175,-1.213125,7.324,-0.147625,0.61625,-1.424375,0.38825,2.401375,7.265625,1.486125,1.06575,2.379625,1.2085,-1.466,3.61775,1.363375,0.419375,4.09975,1.263125,0.22525,-1.70875,-1.256375,-0.6355,-1.2665,-1.148125,8.521375,1.78975,0.400875,10.90425,-1.845875,-0.73875,-1.515125,-0.875875,-0.847625,-1.397375,-1.7175,-1.428,0.281875,-1.385125,-1.75175,-0.133,-2.0245,-1.353375,-1.13825,2.460125,-0.796125,-1.407375,5.102,-0.576625,0.091375,8.844875,-1.162375,-0.700875,7.459125,-1.222375,-0.64325,2.224125,-0.120125,2.24075,-0.5855,6.0805,-2.20425,8.75775,7.34675,-1.1975,2.184375,-0.300625,7.462,-0.052875,-0.7745,-0.87725,-1.65125,-0.0085,-1.290875,-0.088375,6.93175,6.529125,-1.246875,8.9795,4.36725,3.21425,-0.653,5.378,8.500375,-0.867625,-0.822125,-0.240875,0.979625,-0.478875,2.775125,-0.582,4.464625,-0.17225,-2.038,3.935875,2.56975,-1.037125,-2.080875,-0.886625,0.304625,-1.78275,0.9065,1.242,-1.176625,-0.540875,-1.636875,6.659375,-1.462375,5.1995,1.47275,-1.297625,-0.573125,-1.162375,-0.564375,5.499625,5.084125,-1.9535,-1.35825,8.07175,-1.877375,4.1665,-1.263,-1.55525,4.780625,3.156125,-0.09125,-0.964875,0.378,7.437875,-0.35675,-1.422875,-1.4165,6.372375,-0.311,5.2925,-1.606,-1.073125,-1.783,-0.499875,6.125375
S100A7,-0.8525,4.3575,-0.88,4.5195,2.794,-0.774,-0.6885,6.255,-0.091,0.439,4.3815,-0.28,-0.7935,3.911,6.8445,1.3995,-0.461,5.5535,-0.304,-0.219,5.132,0,1.3965,0.6385,3.157,-1.1355,-1.49,-0.0235,-0.8545,-0.0925,-0.7785,5.263,0.5375,3.658,-0.717,0.262,-1.014,-1.2525,4.3435,-1.213,-0.2455,6.3245,-1.208,-0.188,-0.712,-0.6685,-0.348,-0.3825,-0.1735,0.5745,0.8855,0.321,-1.157,5.0805,0.4075,2.459,5.00E-04,-0.638,-0.6485,0.048,-0.242,6.7565,0.2045,0.1205,-2.0925,1.121,-0.921,4.3755,4.4205,-0.4305,-0.9125,-1.347,-1.0805,-0.71,-1.1745,7.591,-1.221,-1.6445,-1.3835,8.155,1.447,4.919,1.086,0.034,3.3035,7.126,-0.7115,3.5035,0.063,-0.5705,0.1115,-1.458,-0.9445,0.1325,2.571,-0.4595,0.555,-1.049,6.108,-1.573,4.7415,-0.697,5.5,-1.1545,6.1145,-1.3995,7.6525,7.4005,-1.3925,0.2195,-0.582,0.3255,-0.5625,1.079,-0.7515,0.304,-0.025,-0.6715,-0.208,1.8855,-0.152,-0.5085,-0.4015,-1.4235,-0.2345,5.313,-1.6215,-1.421,-0.832,-0.9055,-0.501,-0.603,0.482,1.257,-1.0065,-0.6055,-0.6565,4.983,6.23,-0.8795,2.3085,0.2135,-1.205,-0.6765,-0.4625
C1orf64,-6.6235,0.781375,-5.893625,-5.173625,-2.988125,-1.694125,1.675625,-5.85875,1.227375,1.558375,0.632125,-0.574625,-6.341125,-5.17025,-5.297875,-3.3135,-2.2545,-2.894125,1.338625,-5.534625,-4.02275,0.701625,-5.665375,-5.785875,-0.452125,2.24475,1.31325,1.2705,-0.472125,-1.56925,-5.5925,-5.302125,-5.49925,-5.17325,-0.519375,-1.4195,-0.049875,1.067,-0.588625,1.682375,1.405625,-0.244625,2.0275,1.98275,-0.36725,1.677875,-0.25725,0.99175,1.681375,-5.574125,0.805875,1.575,-5.405625,1.603375,-2.378375,-3.159625,-3.97575,2.077875,-5.20875,0.950625,-0.349,-5.73875,-2.190125,-2.1975,1.7875,-5.358875,1.636,-5.758875,-4.9645,-1.657875,-5.060875,0.075625,-6.005375,1.8035,-5.319625,-0.67775,0.49925,0.85875,-0.125625,-5.75375,-5.361875,-5.642875,-5.84075,-5.133625,-5.194375,-6.437375,1.4755,-4.9835,-2.7475,-0.54975,0.30975,1.2065,-5.930125,1.084125,-5.6005,-1.112,-5.532375,-4.742125,-0.99675,-5.431375,-4.535125,-1.464125,0.677375,-4.799,-0.477375,-5.28875,-4.968625,-3.354125,2.0935,1.143625,1.8465,-4.223375,2.0215,-4.45175,0.768875,-3.647125,-3.08,-5.536625,0.080375,-5.404625,-5.483375,2.395125,-4.6975,-4.58475,1.707125,-4.502625,1.231375,0.302125,-4.6185,-5.49625,1.669375,0.655625,0.86275,-5.67025,0.40275,1.41675,-3.634,-5.486625,-4.932,-5.4215,0.23175,-3.376625,1.43225,1.03425,-3.907625
FAM3B,4.47425,1.0315,-3.46525,4.30925,0.371,0.1665,4.57975,-2.8285,4.29525,1.52475,3.17475,0.93475,-0.53525,-1.8145,-0.92475,-0.4165,2.10675,-0.69425,1.1,-0.77475,-0.345,-1.67375,-1.7335,-0.11025,-3.61625,7.292,-1.8875,1.673,0.30525,3.21,-1.1515,-3.22975,3.55625,-1.39375,3.45125,-1.6115,1.92425,2.91475,-0.99025,-0.7725,4.49575,-0.914,1.5995,-3.40675,-3.5445,3.433,-0.55675,5.45475,1.85175,1.3455,-1.6115,-0.1615,-2.245083,-1.45775,3.36225,0.63225,3.8145,1.07025,2.23275,-0.0455,0.70675,-0.6605,-2.20175,-0.76575,-0.1775,-2.55175,-1.30675,1.57025,-1.1375,-3.09825,-3.1175,-2.772,-2.8135,0.71775,-0.586,3.467,0.212,6.78275,-0.364,-3.59475,-2.24325,-2.48575,2.131,-2.6415,0.339,0.44275,0.14225,-0.9475,1.61575,-3.2455,-1.9895,0.475,-1.371,-1.7455,-0.86275,0.7965,1.9045,0.7605,0.71675,-1.41525,-1.134,5.03925,2.13925,-1.6295,5.26825,-1.27325,1.42475,-1.94475,3.53075,1.12675,4.24925,-1.123,-1.381,0.24975,3.87675,-0.034,5.031,0.1145,1.18675,3.5915,1.097,6.78275,-2.678,3.7255,-1.29175,0.66075,3.38725,0.20975,-1.527,1.61175,-0.9935,5.935,3.01925,-0.709,-2.246,-2.0025,-1.1855,-2.33875,-1.74375,2.5655,4.6385,3.873,-3.674,-1.3545,-0.38875
ELF5,0.01275,-1.63375,4.30425,4.68575,3.57825,-1.11625,-2.43175,1.17575,-1.022333,-2.08625,1.87,-2.88425,1.101,4.68875,4.039,-0.63175,-2.2215,-1.409,1.19725,3.149,2.422,-2.174,2.9875,3.15225,-1.41925,-2.358667,-1.652,0.47625,-1.8245,-1.124333,3.5,3.79375,4.29925,-0.4125,2.18225,-2.1305,-1.4465,-2.098,-0.441,-2.11975,2.6835,-2.68825,3.23,-2.476,-3.016333,-1.601,-2.83325,-0.638,2.39675,4.225,-2.9585,-1.732,4.3235,-2.461,4.453,3.556,0.2315,-0.8475,2.54275,-2.50525,-1.96125,3.531,-1.96375,0.15525,-2.42175,4.228,-3.431,3.7915,2.99125,1.80875,3.746,-1.8885,3.01275,-1.2005,2.81825,-1.587,-2.45775,-1.40725,-2.17725,3.87125,2.26075,3.32225,0.07325,3.99325,3.3625,3.75,-2.24225,1.32,2.75875,0.66925,-1.57225,-0.35,2.98575,-0.43375,1.52125,-1.38125,3.507,-1.5775,-2.917,3.52625,1.70575,-2.22025,-0.5435,-1.882,-1.0795,-3.3445,1.93325,4.3065,-2.93925,-1.72875,-5.1485,3.73375,0.18775,3.769,0.053,-1.9555,-0.27675,2.883,-0.918,4.48375,2.8325,-2.3995,-1.7615,3.7745,-1.94325,-2.60225,-2.46975,0.53025,3.789,3.03075,2.331,-0.62275,1.4405,4.878,2.72125,-2.572,2.05475,3.6865,1.294,3.6285,-0.2925,-1.5105,-2.6725,-2.28425,3.3445
FOXA1,-1.76325,0.66775,-1.17875,-4.604625,-4.0235,0.4595,0.334375,-6.8795,0.564875,0.794,-0.503875,-0.20925,-4.567,-3.771875,-8.1695,0.5095,-0.021,0.376,-0.448625,-6.80475,-5.37925,0.85625,-7.33675,-5.313,-0.277375,1.594375,0.078125,-0.33725,0.651375,0.103625,-4.511625,-9.259875,-7.668,-7.06825,-0.145875,0.585375,0.801125,0.3005,0.39575,0.64775,-0.717375,0.046875,0.879875,-0.163875,0.702125,0.88375,1.13975,0.568875,0.018,-3.924375,0.104875,0.464375,-4.969125,0.701875,-3.9565,-4.872625,0.295,0.75175,-7.690625,0.2395,1.54075,-6.90575,0.820625,-0.202125,0.35425,-6.079125,0.264625,-6.86675,-6.921375,1.093125,-5.51,0.523875,-5.779625,-0.008375,-8.305125,-0.095375,-0.129875,-0.028375,0.323875,-8.671125,-8.281625,-5.98075,-8.651,-6.606,-5.817875,-6.781875,0.86125,-7.49025,-4.235625,0.277875,0.754625,-0.161625,-6.52975,-0.1105,-5.710625,0.436125,-6.41975,-0.615875,-1.14375,-7.856,-6.419125,-0.862375,-0.5685,-0.90425,0.128875,0.32525,-6.9295,-5.0275,0.271375,0.07175,0.944875,-4.47625,1.096375,-7.271875,-0.33975,0.709875,0.5675,-7.16125,-0.10025,-5.075375,-5.73775,1.08675,-0.097875,-6.86825,0.23175,-0.711625,0.074,-0.0775,-1.541125,-9.456875,0.373375,0.718,-0.015875,-5.996375,0.23025,0.473125,0.18525,-5.993,-4.148625,-5.782625,-0.141375,-0.28025,1.137625,0.006125,-6.902875
AGR3,-9.67,0.37675,-8.85475,-8.594,-5.7445,1.37675,0.6525,-8.55375,0.1135,0.63675,0.444,-0.31225,-8.4635,-8.92225,-8.26425,-0.84925,0.983,1.0205,0.08375,-6.55525,-5.26725,0.30925,-5.33475,-6.59975,1.37525,0.848,0.7985,-0.0755,-0.206,0.864,-9.40175,-8.3705,-7.3295,-8.1605,0.591,-0.819,-4.90275,-0.3755,0.3175,0.31,0.50925,0.988,2.33425,-1.1545,0.82025,0.749,-0.01175,-0.91225,-0.45675,-8.15575,-2.51,0.86375,-9.392583,1.30925,-9.3565,-3.9405,-1.52075,0.6875,-7.075,-0.41675,2.016,-7.50325,0.012,-0.19725,2.84125,-8.48975,0.02275,-6.97975,-7.65325,-2.3705,-6.97975,0.60025,-7.49025,0.71925,-10.106,-3.61075,0.757,-0.975,1.10425,-8.14225,-7.245,-7.8375,-8.655,-5.51425,-6.01825,-9.25775,1.03025,-7.3195,-3.74675,1.12775,1.021,-0.197,-7.33075,0.73975,-8.51325,0.788,-8.43325,0.42225,-5.362,-4.7225,-7.163,0.0975,-3.15175,-5.954,0.66925,1.907,-9.81025,-5.441,-0.4525,0.84275,1.406,-4.34425,0.97525,-8.938,0.47425,0.85375,0.998,-9.02625,0.70075,-7.03775,-5.5765,1.18775,-3.03475,-4.32075,0.1265,-7.39675,0.697,0.5165,-8.6575,-9.10325,0.79,0.06,1.68025,-5.702,1.376,0.4665,0.5465,-5.92325,-8.896,-9.49525,0.5405,0.5315,1.61475,0.91625,-6.37925
SFRP1,2.9975,-1.396,2.597875,3.08175,2.8745,0.720375,-1.178,4.80625,-0.322125,-0.788875,-2.9985,-2.374125,1.914625,3.486,4.00225,1.095125,0.93125,-0.139375,5.532125,2.56125,4.17375,-1.00575,4.28875,1.515375,-1.5435,-4.501625,-0.58225,-2.075375,-3.71975,-2.388375,5.934375,1.142375,3.898125,-0.174375,-2.57325,-1.824,-3.045125,-2.1785,-0.969875,-1.2375,0.129375,-3.0205,-0.7605,-2.962,-2.777875,-0.65625,-2.12775,-2.105125,-3.448375,3.23875,-3.316875,-2.18225,2.099875,-2.821,5.284625,4.52375,-1.7645,-3.01225,4.569625,-1.4425,-2.3725,2.319875,-0.431,0.95075,-0.876875,4.822875,-2.360125,3.527125,3.43575,-3.20825,4.71,-1.45775,5.988625,-0.163875,4.542875,-1.873875,-4.00225,-0.82125,-2.092125,4.143375,2.973625,3.020375,-0.77575,3.88075,2.755125,4.091625,-2.60425,2.38325,5.386625,-0.724125,-4.0315,0.08675,3.924375,0.094125,4.187875,0.37225,3.656,0.242375,-1.34325,4.030875,1.783,-1.82375,-3.623625,1.232,1.41175,-2.973875,-2.811375,4.891875,-1.38775,-2.14525,-3.317125,3.277125,-2.496875,5.3645,2.291375,-3.017,-1.45275,2.02175,1.833875,4.65225,4.257125,-3.832625,-3.8955,4.52875,-4.04125,2.692,-1.83425,-3.388875,2.663,5.275125,0.138125,-3.152625,-3.605375,3.619,-2.963625,-2.0585,-4.165875,6.798625,0.598375,3.87725,-2.237,-2.444875,-3.824375,1.147,2.091625
ROPN1,2.442333,-0.688833,5.404,6.581,3.354333,1.003167,-1.140167,4.622167,0.214333,-1.548333,-2.077667,-1.549167,3.117667,7.227167,5.586833,0.767667,-0.290833,0.904167,-2.605333,6.336833,4.5625,0.2685,6.204167,6.533,-1.892833,-2.215667,-1.9005,-1.322,-2.141833,0.501,6.827333,4.919333,6.6975,1.767,-0.726667,-0.4795,-1.773,-0.798,-1.1575,0.130333,-2.444833,-1.935167,-0.557667,-1.806333,-1.833833,0.188167,-2.0775,-2.1015,-0.027333,4.203833,-1.9765,-1.8695,4.8655,-2.243167,6.487667,7.3145,-1.673833,-1.424667,3.5185,-1.821,-1.295,4.890833,-0.098667,0.994,-1.303333,5.788667,-3.267167,7.1645,6.008333,-2,6.096667,-1.002667,7.1415,0.291333,4.369167,-1.957667,-1.530167,-0.448333,-1.174167,4.781,4.258,3.3505,-0.918167,6.104667,3.987667,6.340167,-1.001,3.730333,6.570167,-0.392167,-2.2025,1.0275,5.7315,-1.570167,3.212333,-0.180833,5.597833,0.217833,-1.732167,5.904833,3.615,-1.2875,-2.208667,-0.964667,0.0905,-1.0365,2.885,4.601833,0.447167,-1.275667,-1.844833,5.26,-2.314667,5.903,1.814,-1.3515,-1.090667,3.398333,-1.240833,5.1945,6.208,-2.184667,-1.436,5.510167,-1.026333,0.311667,-0.9915,-0.3435,4.2505,5.4865,-0.393833,-1.4665,-1.6495,6.699167,-1.172333,-0.103167,-3.022833,6.689333,5.757333,6.5985,-1.6735,-1.767,-2.328667,-1.568167,6.123667
SOSTDC1,4.52725,-0.74,4.929,2.03775,-0.33075,-0.599,-0.9975,3.70275,-0.49125,-1.758,-3.14125,1.5685,4.91025,2.8615,3.53575,0.397,-0.99475,-0.8065,-1.83325,5.92575,0.97125,-0.9745,4.16675,4.845,-1.32975,-2.216,-4.73775,-1.6855,-3.1565,-3.86275,1.6715,-0.75375,0.35775,-2.1945,-3.6275,-2.25425,-2.7835,-2.4095,-0.24925,-3.22975,-3.274,-2.3775,-2.04075,-4.761083,-2.7655,1.134,-3.42525,-1.88125,-1.177,4.6415,-2.56825,-1.73925,3.983,-2.35525,6.1545,3.95725,-2.06775,-2.5505,3.3805,3.0975,-2.7315,2.45425,-1.14575,0.32225,-1.4,1.877,-3.86625,3.29175,2.648,0.1185,4.289,-0.86025,5.62025,-1.30075,1.7705,-2.4095,-2.35625,-0.92975,-2.66625,5.21775,-0.6155,2.267,-0.699,3.71325,2.53125,2.81675,-1.3855,2.43,3.51025,0.67275,4.25525,-1.1735,1.7485,-2.384,2.482,0.765,2.443,-0.208,-2.00475,-1.74325,4.92925,-0.20925,-2.47425,-1.6065,0.11425,-2.8585,-0.07475,4.4305,-1.837,-1.6825,-1.49225,3.3065,-2.798,3.04025,0.90425,-1.5155,-1.91075,1.7685,-1.7615,4.1245,-1.52725,-0.0855,-2.136,4.00025,-3.65875,-2.1335,-2.02175,-3.49625,5.8015,5.84475,-1.11275,0.36275,1.99575,3.75,-3.10975,-1.91625,-3.498417,3.00025,4.35325,2.97075,-0.921,-2.02075,-3.501,-1.825,1.2875
HORMAD1,-0.888633,0.565167,5.449333,6.513333,5.012,-0.630833,-0.723233,-0.589667,0.366367,0.529967,0.2995,0.109833,2.254333,5.705667,5.698333,-1.0515,0.401167,-0.358333,-0.0115,6.200667,0,0.164667,6.6345,5.26,-0.336833,-0.5005,-0.413,0.069667,-0.323667,-0.409433,6.883833,6.920833,4.994667,0.900667,-0.5535,-0.2445,0.114167,0.360333,0.506,-0.531233,0.045833,-0.362667,-0.1295,0.224167,-0.144167,-0.560167,-0.319633,2.776333,0.091333,7.1905,-0.584667,0.689,6.374,-0.377,5.020667,5.224167,0.159567,-0.247667,5.619333,0.569833,-0.457167,6.561333,0.189333,-0.145433,0.4615,6.114667,-0.583033,6.815833,7.090667,-0.321,4.6745,-0.1115,4.380333,0.171,5.360333,0.489333,0.199167,-1.561833,-0.356167,5.656833,5.632333,7.585167,4.527667,0.0595,7.221,7.628167,-0.0085,0.386833,2.800333,-0.385667,0.599167,0.461833,6.9595,0.428967,4.207167,0.649167,-0.102833,-0.635,-1.541167,7.921167,2.322333,0.042,0.441167,0.020333,-0.408833,4.134,6.291333,-0.904,-0.045633,2.035,-0.074233,6.270833,-0.050833,5.849167,-0.746833,1.601167,-1.476167,8.751667,0.339167,6.926,6.303667,0.583,-0.091167,6.5005,-0.467333,-1.110667,-1.0715,0.154667,6.789833,2.79,0.169,0.055833,0.347667,4.892667,-0.1895,0.3345,-0.932583,0.801,6.320833,4.995833,-0.49,0.775333,-0.5965,1.209333,5.058833
DNAJC12,-0.152333,-2.528167,-1.664667,-2.585,-3.287333,3.436333,1.774333,-4.365667,1.786,0.9985,-3.375333,0.341667,-2.749,-4.082833,-4.453167,0.534,0.366333,0.024167,0.937667,-4.138333,-2.517833,-0.593167,-4.063167,-3.283333,1.459333,3.0215,-2.177,-1.013,3.049,-2.042667,-1.817333,-4.535667,-4.158,-4.802333,0.324,1.9075,1.677833,0.329333,1.656667,0.5385,-1.257167,-2.037,1.398333,-2.29,0.438,0.671,1.981333,2.147333,-1.703833,-2.458833,-3.006,1.156667,-5.464167,0.310667,-4.481833,-2.845833,0.929,1.858667,-1.7475,-0.340833,3.379833,-1.393667,0.698,-0.556667,3.2485,-2.7415,-2.3915,-3.079333,-3.970667,0.433833,-3.356333,2.2375,-4.9165,0.731167,-4.596667,1.805167,3.0485,-2.229,0.3705,-0.894,-3.678833,-2.881,-2.240667,-3.491,-4.968167,-4.5285,-2.611667,-3.983,-2.060167,0.901667,1.195667,-0.8915,-3.6115,-2.398833,-3.5995,0.922333,-0.5935,0.573667,-1.937667,-2.059667,-0.8255,-2.373667,-3.369,-0.942833,3.516333,2.531167,-4.946833,-3.0005,3.234167,-1.267167,2.868833,-0.807667,2.457833,-3.418167,-0.742167,-0.4195,3.954333,-4.987667,-0.002,-3.819,-3.862333,3.613667,2.700167,-3.158,-0.758333,-3.369333,1.4935,0.412333,-3.7675,-1.713667,2.034,1.628,1.139167,-0.4815,1.395667,2.887833,-0.545,-4.842167,-4.056667,-1.157333,-0.771667,-0.315333,3.208667,0.033,-3.866667
TFAP2B,2.905,1.149,-5.126,-1.420625,-1.419625,-3.482625,-4.472875,-5.880875,-4.358375,2.105,1.873875,1.527625,-0.296125,-1.19125,-4.32675,-2.479625,1.107875,-2.98475,-5.187375,-4.592625,-3.195125,2.21075,-5.367,-3.979375,-4.314875,1.822125,2.307,-4.48475,-6.074518,0.906875,-4.998875,-4.90625,-2.700625,-5.1485,-5.242875,-3.568,-6.06875,0.89825,1.903125,-1.37275,-6.356375,1.904375,-4.308375,1.365,1.731625,3.064625,3.101875,-4.912125,-2.3255,-1.359875,0.891125,-5.8345,-6.684375,-5.309518,0.72925,-0.214,-4.933125,2.021375,-5.346,1.628375,-4.60925,-4.882125,-4.1305,2.124375,-3.836,-0.105,-6.060089,-2.78675,-1.769625,-5.58,-1.75875,-4.573,-2.7925,-4.887875,-4.753875,1.176,-5.932518,-2.646625,-5.04425,0.62925,-4.938375,-2.765,-1.821,-3.49075,-5.606375,-4.34,-5.02375,-2.6285,-0.590375,-0.803,-5.401625,-4.81375,-6.150375,2.2905,-1.124125,2.266625,-5.080625,2.186875,2.080625,-4.458,-1.90975,-4.366875,2.23675,-5.23075,-1.643625,0,1.24475,-1.907,-5.0745,-1.279,-7.656661,-1.924375,1.819375,-3.90975,1.53825,-3.08225,-5.474089,-4.472625,1.62675,-3.416375,-5.164,-5.853089,-5.181875,-1.97775,-4.960375,1.057625,-4.852,-0.352875,-4.000875,-5.936875,2.2115,-5.38325,1.417875,-2.802875,-0.51025,-4.642625,-2.272125,-3.3815,-3.540375,-5.316125,-4.961,-5.50025,-5.065625,-4.469,-2.599125
C10orf82,-3.4315,3.03625,-1.94275,-3.0755,-2.62425,4.4665,4.18075,-2.1115,3.04175,3.361,0.71475,2.7615,-0.92725,-2.45775,-2.184,-0.1685,2.8715,-1.74425,3.51725,-2.55475,-1.892,0.029,-2.81125,-2.98225,2.0935,4.28675,2.988,0.763,1.479,3.918,-2.409,-2.409,3.0205,-1.99875,1.567,-2.6245,1.343,2.0475,3.70375,3.4975,2.80025,-2.92675,4.2005,-2.19025,2.6025,0.6045,2.8275,1.29675,3.1395,-2.34575,-2.136,3.3575,-3.31275,-2.875,-2.908,-2.08225,3.3335,3.8265,-2.5445,2.37925,4.596,-2.6515,-2.5185,-1.88375,4.68325,-2.2415,2.575,0.6345,-2.111,-2.72175,-2.84425,-2.79575,-2.88975,-0.36875,-2.59,-2.251,3.05175,-2.58625,3.3985,-2.8235,-1.62175,-2.662,-2.87275,-2.41625,-2.59125,-3.4315,4.278,-1.92625,-1.1405,2.0215,0.8665,4.241,-3.16975,-2.04625,-3.08575,-1.97875,-2.629,2.53475,2.1355,-1.593,-2.686,-2.7715,2.438,1.08925,2.5345,1.61275,-2.46225,-1.954,4.04575,4.0535,4.158,-1.5585,2.2655,-2.774,3.32175,-2.15225,1.15025,-2.3855,-2.08425,-2.548,-1.82925,2.39775,-2.34375,-1.7665,3.6685,-2.73375,0.11225,3.8815,-2.88075,2.0795,2.7675,2.97125,2.1665,-2.5805,4.85875,3.04175,-2.498,-2.8405,-1.85025,-3.1,2.21,1.536,-2.3255,1.45975,0.9345
CP,-0.711545,4.840455,-2.095909,2.575727,2.719182,-2.370909,-1.513545,5.045455,-1.716527,-2.342727,1.760727,0.317545,1.100091,3.795909,0.024909,-0.063455,1.867909,0.730909,1.678273,2.746091,4.879091,0.769455,1.240545,4.509545,0.631091,-2.567545,1.034909,-0.731545,3.513273,-0.263727,-1.831455,5.769818,3.474364,3.706091,1.090818,-1.902909,-2.500364,5.972455,1.621909,1.849909,-1.663818,0.736091,-1.398636,-2.372,-1.202909,-1.014364,0.320909,-2.477818,-0.602455,-1.812273,3.552818,-2.195818,5.556636,-1.813909,-1.605182,3.714273,-2.418182,-2.463,4.893455,-1.844364,-2.589909,6.161636,-1.285909,1.017909,-0.403027,2.961455,-2.475364,4.555182,0.560909,-2.664636,-1.491636,-2.505818,3.000364,-1.562545,0.796091,0.354273,0.436273,-1.860455,-2.340273,-2.55,-1.102364,-1.296364,2.538273,3.899364,5.112273,1.212091,-2.341818,1.891545,4.155545,1.333545,-2.103,-1.175818,4.564182,-0.070545,4.325818,-0.749091,3.287818,5.925364,1.278545,6.193273,0.135636,-2.236636,2.849364,-0.590727,-2.500818,1.170818,-2.438273,-0.284,-2.022909,1.290636,-2.364091,5.008,-2.839273,5.468091,-0.394727,5.405636,3.377727,4.614273,4.544273,1.769727,3.014818,-2.982091,-2.227818,1.853455,-3.095818,5.964455,-2.972727,5.416909,0.760727,1.049727,-1.475455,-2.804636,1.302,2.747,3.034455,-1.015909,-2.527545,5.182273,-0.787455,-1.314273,0.564545,1.087273,-3.244636,-1.227545,1.381727
ESR1,-7.979833,-0.322167,-7.60525,-2.646,-4.92075,0.726083,0.86775,-7.745083,0.441833,1.467417,-1.229583,0.350083,-4.263333,-5.121833,-5.9995,0.471333,1.148667,0.329167,0.62425,-6.03925,-4.221583,1.54575,-6.46175,-6.157167,-0.276833,2.4945,1.460667,0.365917,1.308333,2.249167,-6.575167,-4.78975,-7.5345,-3.575833,2.000833,1.277833,1.365583,2.132,0.918583,1.514833,-1.214083,-0.077917,1.275083,1.6685,1.5095,2.160417,1.406833,0.162917,0.797083,-5.44025,-0.697167,-0.1015,-7.249417,2.068167,-6.696583,-3.567,0.89625,2.071417,-3.00475,-0.934833,1.741,-4.331833,1.869583,0.292417,1.653083,-6.947803,-1.072917,-7.68275,-4.375083,2.991667,-7.145833,2.44225,-7.766333,-0.9675,-5.49825,-0.242917,2.801833,1.276083,0.439333,-7.818417,-4.34125,-4.6855,-3.743917,-4.057083,-1.66525,-4.240833,2.365417,-4.952417,-3.650417,1.806333,1.641417,0.306333,-6.728,-0.429333,-4.750083,-0.759583,-6.358917,-0.230333,-1.821917,-5.8395,-5.017583,-0.0905,0.817417,-0.718,1.616583,1.193,-5.088,-3.740167,0.801167,0.25625,1.922167,-2.932167,2.185333,-6.465667,-0.634083,-0.504833,1.114917,-4.612083,-0.268583,-4.777917,-2.4815,1.97,-0.696167,-4.25275,1.306167,-5.6745,-0.99325,1.734167,-5.50525,-6.388917,1.096667,1.225917,1.106333,-6.593167,1.248083,2.018,0.584333,-4.052583,-4.42475,-7.310917,-0.371167,-0.714417,1.759917,0.41825,-5.529333
MSMB,-3.572375,0.47075,-0.9675,2.682875,-2.960875,4.20175,-1.96875,-3.116375,2.626,-1.060875,-2.252125,3.2215,1.0075,1.739875,0.908375,3.77675,1.02925,1.0515,-1.01225,-1.75325,-2.439375,-2.361875,-2.787125,-0.225,-0.38575,-1.777625,0.71275,-1.088875,3.691,1.432125,-2.583875,-2.07875,-2.71225,0.319125,5.1355,0.15975,1.146875,-2.520625,0.14275,-0.0915,0.655,2.121375,-0.909375,0.083,-2.592125,-2.419625,-3.632625,6.370875,0.528375,0.551375,-2.7295,5.851625,-1.0105,1.341375,-1.96475,-1.633375,-2.53225,2.32875,1.375375,2.288375,0.772625,0.086,1.766875,-2.843875,-1.289875,-2.47275,2.046375,-2.284375,-2.4155,-2.765125,-2.377,-0.00825,-2.627875,1.205875,-3.091125,-2.13725,-0.66375,5.269125,4.88,0.101875,-1.92275,-2.77475,-3.448,-2.09275,0.185375,-2.33225,0.289375,-1.668625,-2.21675,3.935875,-0.078375,1.636625,-3.36975,-1.431625,-2.156,1.99025,-1.29475,-0.263875,-3.011625,-2.316375,-1.336625,4.323625,-0.5975,5.925375,2.5265,5.19225,-0.770375,-1.821375,-0.5335,3.090875,0.479875,1.14525,2.5205,-2.73175,-0.108375,2.052875,1.229375,0.29875,0.676125,-2.4705,-0.689875,6.185,3.69375,-3.31525,-2.20075,-1.590625,3.852,0.457875,-2.969,0.12875,-0.409375,6.130625,6.436375,-0.71175,0.910125,0.161,3.655,-1.436,-0.120375,-2.413375,2.093875,1.809875,5.092875,-2.482625,-1.362
CALML5,2.12,-0.714667,3.886833,3.664667,-0.364667,-1.1265,-2.480167,0.540833,-0.6705,-2.222667,-2.9745,4.022,3.302167,4.677167,2.102167,0.203667,-1.836667,3.398667,1.2585,4.287833,-2.7005,-2.4625,3.68,-2.027333,-0.9555,-3.519167,-2.366167,-2.4815,-0.442667,-0.596333,4.379,4.2755,3.6435,3.676,4.330167,-1.6775,2.9905,-2.841833,0.205,-2.069,-0.177667,-0.5255,0.9175,-0.633167,-0.0215,-2.234667,-3.547667,0.285,-1.570667,1.098833,4.997167,-1.894833,3.616,1.663,-1.1675,2.0055,-2.717167,4.321167,4.251,-2.406167,-1.201833,-1.552167,-1.938833,-1.380667,-3.657,-1.754333,1.405833,3.4205,4.395167,-2.844667,4.371333,0.323167,0.302167,3.602833,4.0045,-2.002333,-3.580667,-0.2445,-1.828833,-3.032333,0.106833,1.787667,-0.8305,4.406167,-2.579,3.8715,-2.602333,3.685833,3.648167,-1.466333,3.864333,-2.069,4.015667,-3.0095,3.080333,-1.522667,3.586333,-0.8655,-3.441667,-0.428833,1.5785,4.887167,-1.555,-0.969,0,-3.394833,4.189333,4.942167,-3.148,-1.258833,-2.784333,-0.896833,3.461167,3.899833,0.609,4.341,1.246667,3.7435,0.65,3.852833,-2.879,-2.9075,2.1195,-2.363167,-1.884167,2.974667,4.2635,4.1615,2.778833,3.6475,4.692167,1.266333,2.881,-0.626833,4.076333,-2.788,-2.350833,4.2795,4.378167,3.983,0.72,-1.9245,3.152833,3.987667,4.052333
KRT6B,-0.381125,0.4535,0.654125,1.209875,0.5445,-1.4455,-2.057125,1.716875,-1.301125,-2.007375,-3.387125,-5.515375,1.458875,1.707375,2.23225,0.193125,-0.66575,0.018375,-1.546375,1.608375,2.176375,0.528875,1.035625,3.04925,-1.627875,-5.8925,-5.693,-4.702625,-5.163875,-1.672125,0.460375,-0.214875,1.044875,1.496625,-3.10525,-0.345,-1.997875,-3.35775,0.006625,-2.914625,-5.53975,0.2005,-1.68525,-5.38075,-5.39225,-0.10775,-3.436,-1.529375,-4.45225,1.4925,-5.436875,-5.566464,1.803625,-5.243875,0.452125,1.170625,-2.549,-2.558,2.451875,0.39625,-1.87225,1.512,-0.681875,0.242125,-1.930875,1.695875,-5.73125,1.635875,1.77025,-5.164,2.596625,0.43875,1.389625,-4.2035,0.584125,-5.216375,-5.13125,-0.978625,-2.32775,2.131125,0.235625,1.50475,-2.12525,2.75175,1.701375,1.44,-1.695375,0.155375,1.276875,0.098125,-4.560875,-2.440625,0.658,-4.951036,1.9735,0.29975,1.645,0.381125,-0.297,0.00725,0.52125,0.959875,-2.444375,-3.82425,0.40175,-2.879875,-1.282625,1.908,-3.594375,-1.096875,-3.72475,2.591625,-4.191875,1.62025,-0.330375,0.035125,-2.12675,1.2505,-1.413375,1.905,0.956375,-5.05675,-1.741875,1.375625,-5.344375,0.4245,-1.35875,-5.025125,1.52775,0.81,0.102125,-2.39175,-5.021125,1.2925,-5.1825,-2.534375,-4.88575,0.07175,2.465875,0.23425,-0.414375,-4.97375,-5.74275,-5.219875,1.531875
